{"stats":{"minecraft:picked_up":{"minecraft:dirt":26},"minecraft:used":{"minecraft:dirt":26},"minecraft:mined":{"minecraft:grass_block":20,"minecraft:dirt":6},"minecraft:custom":{"minecraft:jump":55,"minecraft:time_since_rest":3220,"minecraft:play_time":3220,"minecraft:leave_game":2,"minecraft:sprint_one_cm":2700,"minecraft:damage_taken":10,"minecraft:time_since_death":3220,"minecraft:walk_one_cm":3797,"minecraft:total_world_time":3220,"minecraft:fall_one_cm":1705,"minecraft:fly_one_cm":4953}},"DataVersion":3953}