{"stats":{"minecraft:used":{"minecraft:oak_planks":21,"minecraft:spruce_planks":12,"minecraft:diamond_sword":3},"minecraft:mined":{"minecraft:oak_leaves":2},"minecraft:custom":{"minecraft:jump":54,"minecraft:time_since_rest":3453,"minecraft:damage_dealt":175,"minecraft:damage_taken":80,"minecraft:sprint_one_cm":8465,"minecraft:play_time":3453,"minecraft:time_since_death":3453,"minecraft:walk_one_cm":4863,"minecraft:total_world_time":3453,"minecraft:fall_one_cm":2126,"minecraft:fly_one_cm":6722,"minecraft:player_kills":1}},"DataVersion":3953}