{"stats":{"minecraft:picked_up":{"minecraft:light_gray_wool":1,"minecraft:mutton":2},"minecraft:used":{"minecraft:sticky_piston":6,"minecraft:lever":1,"minecraft:end_rod":1,"minecraft:diamond_sword":6,"minecraft:redstone":1,"minecraft:map":3,"minecraft:oak_planks":87,"minecraft:oak_boat":1,"minecraft:spruce_planks":12,"minecraft:sheep_spawn_egg":2},"minecraft:killed":{"minecraft:sheep":1,"minecraft:bee":1},"minecraft:mined":{"minecraft:oak_leaves":2},"minecraft:custom":{"minecraft:time_since_rest":15151,"minecraft:crouch_one_cm":3766,"minecraft:play_time":23405,"minecraft:sprint_one_cm":24164,"minecraft:walk_one_cm":27431,"minecraft:damage_taken":260,"minecraft:deaths":1,"minecraft:sneak_time":461,"minecraft:walk_under_water_one_cm":6129,"minecraft:mob_kills":2,"minecraft:boat_one_cm":8188,"minecraft:jump":270,"minecraft:damage_dealt":530,"minecraft:leave_game":1,"minecraft:time_since_death":15080,"minecraft:walk_on_water_one_cm":14359,"minecraft:total_world_time":23405,"minecraft:swim_one_cm":2739,"minecraft:fall_one_cm":8381,"minecraft:fly_one_cm":375229,"minecraft:player_kills":1}},"DataVersion":3953}