{"stats":{"minecraft:picked_up":{"minecraft:dirt":21},"minecraft:used":{"minecraft:dirt":21},"minecraft:mined":{"minecraft:short_grass":1,"minecraft:grass_block":1,"minecraft:oak_leaves":3,"minecraft:dirt":20},"minecraft:custom":{"minecraft:jump":97,"minecraft:time_since_rest":12800,"minecraft:walk_on_water_one_cm":325,"minecraft:deaths":1,"minecraft:play_time":18358,"minecraft:leave_game":1,"minecraft:sprint_one_cm":2192,"minecraft:damage_taken":518,"minecraft:time_since_death":12775,"minecraft:walk_one_cm":6789,"minecraft:sneak_time":804,"minecraft:total_world_time":18358,"minecraft:walk_under_water_one_cm":2231,"minecraft:fall_one_cm":3247,"minecraft:fly_one_cm":36722},"minecraft:killed_by":{"minecraft:player":1}},"DataVersion":3953}