{"stats":{"minecraft:mined":{"minecraft:short_grass":2,"minecraft:grass_block":1,"minecraft:oak_leaves":3,"minecraft:dirt":21},"minecraft:picked_up":{"minecraft:dirt":22},"minecraft:killed_by":{"minecraft:player":1},"minecraft:custom":{"minecraft:jump":122,"minecraft:time_since_rest":75920,"minecraft:damage_taken":568,"minecraft:walk_one_cm":7619,"minecraft:leave_game":3,"minecraft:sprint_one_cm":4477,"minecraft:play_time":81478,"minecraft:time_since_death":75895,"minecraft:walk_on_water_one_cm":532,"minecraft:deaths":1,"minecraft:sneak_time":1067,"minecraft:total_world_time":81478,"minecraft:walk_under_water_one_cm":3926,"minecraft:fall_one_cm":5104,"minecraft:fly_one_cm":54130},"minecraft:used":{"minecraft:dirt":21}},"DataVersion":3953}