{"stats":{"minecraft:mined":{"minecraft:short_grass":1,"minecraft:grass_block":1,"minecraft:oak_leaves":3,"minecraft:dirt":20},"minecraft:picked_up":{"minecraft:dirt":21},"minecraft:killed_by":{"minecraft:player":1},"minecraft:custom":{"minecraft:jump":97,"minecraft:time_since_rest":63920,"minecraft:damage_taken":518,"minecraft:walk_one_cm":6789,"minecraft:leave_game":3,"minecraft:sprint_one_cm":2192,"minecraft:play_time":69478,"minecraft:time_since_death":63895,"minecraft:walk_on_water_one_cm":446,"minecraft:deaths":1,"minecraft:sneak_time":960,"minecraft:total_world_time":69478,"minecraft:walk_under_water_one_cm":2231,"minecraft:fall_one_cm":3247,"minecraft:fly_one_cm":44914},"minecraft:used":{"minecraft:dirt":21}},"DataVersion":3953}