{"stats":{"minecraft:killed_by":{"minecraft:zombie":1,"minecraft:player":1},"minecraft:custom":{"minecraft:time_since_rest":837,"minecraft:crouch_one_cm":31,"minecraft:play_time":89945,"minecraft:sprint_one_cm":6047,"minecraft:deaths":3,"minecraft:damage_taken":898,"minecraft:walk_one_cm":11745,"minecraft:sneak_time":1073,"minecraft:walk_under_water_one_cm":3926,"minecraft:jump":159,"minecraft:damage_dealt":35,"minecraft:leave_game":6,"minecraft:walk_on_water_one_cm":532,"minecraft:time_since_death":679,"minecraft:total_world_time":89945,"minecraft:fall_one_cm":7507,"minecraft:fly_one_cm":57150},"minecraft:mined":{"minecraft:short_grass":2,"minecraft:grass_block":2,"minecraft:dirt":21,"minecraft:oak_leaves":12},"minecraft:picked_up":{"minecraft:dirt":23},"minecraft:used":{"minecraft:dirt":21}},"DataVersion":3953}