{"stats":{"minecraft:picked_up":{"minecraft:dirt":21},"minecraft:used":{"minecraft:dirt":21},"minecraft:mined":{"minecraft:short_grass":1,"minecraft:grass_block":1,"minecraft:oak_leaves":3,"minecraft:dirt":20},"minecraft:custom":{"minecraft:jump":92,"minecraft:time_since_rest":800,"minecraft:deaths":1,"minecraft:play_time":6358,"minecraft:leave_game":1,"minecraft:sprint_one_cm":2192,"minecraft:damage_taken":343,"minecraft:time_since_death":775,"minecraft:walk_one_cm":5986,"minecraft:total_world_time":6358,"minecraft:fall_one_cm":3038,"minecraft:fly_one_cm":5037},"minecraft:killed_by":{"minecraft:player":1}},"DataVersion":3953}