{"stats":{"minecraft:crafted":{"minecraft:crafting_table":1,"minecraft:spruce_planks":20,"minecraft:stick":8,"minecraft:wooden_pickaxe":1,"minecraft:wooden_axe":1},"minecraft:custom":{"minecraft:time_since_rest":1629,"minecraft:play_time":1629,"minecraft:sprint_one_cm":1093,"minecraft:damage_taken":20,"minecraft:walk_one_cm":3236,"minecraft:jump":17,"minecraft:leave_game":1,"minecraft:time_since_death":1629,"minecraft:total_world_time":1629,"minecraft:interact_with_crafting_table":1,"minecraft:fall_one_cm":902,"minecraft:fly_one_cm":3091},"minecraft:used":{"minecraft:iron_chestplate":1,"minecraft:wooden_axe":4,"minecraft:crafting_table":1,"minecraft:iron_helmet":1},"minecraft:mined":{"minecraft:oak_log":2,"minecraft:spruce_leaves":2,"minecraft:spruce_log":7},"minecraft:picked_up":{"minecraft:oak_log":2,"minecraft:spruce_log":5}},"DataVersion":3953}